Sample,patientID,SOX9,FOXM1
BRCA,TCGA-AN-A0FZ-01A,204.973,16.685
BRCA,TCGA-AC-A3TM-01A,183.605,8.144
BRCA,TCGA-AC-A8OR-01A,153.104,9.744
BRCA,TCGA-EW-A6S9-01A,217.67,32.245
BRCA,TCGA-AR-A250-01A,134.582,29.952
BRCA,TCGA-E2-A10A-01A,128.574,24.593
BRCA,TCGA-AN-A03X-01A,147.689,11.113
BRCA,TCGA-A2-A0YI-01A,103.752,4.642
BRCA,TCGA-E9-A1N9-01A,352.383,90.054
BRCA,TCGA-EW-A1P1-01A,132.017,9.83
BRCA,TCGA-D8-A142-01A,244.656,22.946
BRCA,TCGA-AO-A1KS-01A,326.303,59.913
BRCA,TCGA-A8-A096-01A,142.704,24.635
BRCA,TCGA-A2-A4S1-01A,65.101,4.993
BRCA,TCGA-BH-A1EO-01A,261.116,12.069
BRCA,TCGA-S3-AA12-01A,162.218,21.686
BRCA,TCGA-AC-A3W7-01A,161.252,6.566
BRCA,TCGA-AO-A0J5-01A,218.03,24.782
BRCA,TCGA-E9-A228-01A,172.658,41.942
BRCA,TCGA-A7-A6VV-01A,204.006,46.767
BRCA,TCGA-BH-A0DH-01A,525.11,8.202
BRCA,TCGA-AN-A0FX-01A,168.704,48.624
BRCA,TCGA-AO-A12H-01A,117.393,12.707
BRCA,TCGA-BH-A1F8-01A,329.399,35.82
BRCA,TCGA-D8-A1JE-01A,136.728,15.422
BRCA,TCGA-C8-A3M7-01A,86.561,12.734
BRCA,TCGA-B6-A0RE-01A,231.12,81.593
BRCA,TCGA-E2-A10E-01A,202.367,21.551
BRCA,TCGA-A2-A1FZ-01A,163.616,13.332
BRCA,TCGA-LD-A74U-01A,168.757,11.692
BRCA,TCGA-AC-A2QI-01A,139.532,2.962
BRCA,TCGA-BH-A18J-01A,139.368,22.387
BRCA,TCGA-A1-A0SJ-01A,263.259,31.328
BRCA,TCGA-BH-A0DQ-01A,201.017,8.058
BRCA,TCGA-D8-A1JA-01A,219.379,19.842
BRCA,TCGA-BH-A1EU-01A,207.233,7.863
BRCA,TCGA-A2-A0YE-01A,221.935,128.978
BRCA,TCGA-D8-A1X6-01A,238.429,15.401
BRCA,TCGA-E9-A5UP-01A,155.56,4.124
BRCA,TCGA-LD-A66U-01A,163.848,6.126
BRCA,TCGA-B6-A0RN-01A,211.731,3.444
BRCA,TCGA-BH-A18I-01A,145.675,20.918
BRCA,TCGA-AR-A0TR-01A,123.296,4.6
BRCA,TCGA-AR-A0TW-01A,361.252,15.012
BRCA,TCGA-E2-A1IN-01A,515.177,9.819
BRCA,TCGA-D8-A73W-01A,98.47,14.601
BRCA,TCGA-AR-A1AO-01A,158.117,19.052
BRCA,TCGA-A2-A0EV-01A,241.082,10.217
BRCA,TCGA-AN-A0AJ-01A,291.607,46.485
BRCA,TCGA-EW-A423-01A,191.255,8.644
BRCA,TCGA-EW-A6SC-01A,239.201,16.543
BRCA,TCGA-A7-A6VX-01A,297.676,41.334
BRCA,TCGA-E9-A1RI-01A,170.337,6.642
BRCA,TCGA-D8-A1XS-01A,195.81,29.464
BRCA,TCGA-OL-A5D6-01A,40.569,8.896
BRCA,TCGA-S3-AA15-01A,163.074,51.272
BRCA,TCGA-D8-A1JU-01A,163.566,1.653
BRCA,TCGA-A2-A0T3-01A,124.539,60.231
BRCA,TCGA-BH-A0E6-01A,129.144,14.463
BRCA,TCGA-AN-A0XV-01A,211.255,18.601
BRCA,TCGA-C8-A131-01A,140.481,22.078
BRCA,TCGA-AN-A03Y-01A,241.546,35.357
BRCA,TCGA-AR-A24Z-01A,146.598,58.228
BRCA,TCGA-Z7-A8R5-01A,130.779,2.044
BRCA,TCGA-A7-A0DC-01B,137.237,20.784
BRCA,TCGA-E9-A3X8-01A,157.045,0.914
BRCA,TCGA-C8-A8HQ-01A,164.491,43.295
BRCA,TCGA-A2-A1FX-01A,205.758,38.173
BRCA,TCGA-B6-A402-01A,233.691,40.702
BRCA,TCGA-AC-A5EH-01A,84.157,13.916
BRCA,TCGA-OL-A97C-01A,96.117,20.667
BRCA,TCGA-LL-A73Z-01A,139.052,9.717
BRCA,TCGA-OL-A66P-01A,78.951,6.673
BRCA,TCGA-AR-A2LJ-01A,167.266,7.049
BRCA,TCGA-EW-A1PA-01A,190.501,58.069
BRCA,TCGA-A7-A56D-01A,93.898,3.076
BRCA,TCGA-E9-A1RE-01A,288.017,21.159
BRCA,TCGA-BH-A0DL-01A,73.529,60.519
BRCA,TCGA-AR-A1AY-01A,241.889,129.248
BRCA,TCGA-BH-A0DX-01A,110.191,14.657
BRCA,TCGA-A7-A4SD-01A,268.075,91.687
BRCA,TCGA-A2-A0EM-01A,122.625,8.9
BRCA,TCGA-JL-A3YW-01A,170.374,15.156
BRCA,TCGA-OL-A5DA-01A,155.618,9.469
BRCA,TCGA-EW-A1P0-01A,249.124,21.409
BRCA,TCGA-B6-A0RQ-01A,129.027,2.104
BRCA,TCGA-5L-AAT1-01A,212.83,3.487
BRCA,TCGA-AN-A0FW-01A,126.234,31.331
BRCA,TCGA-BH-A1ES-01A,231.851,26.464
BRCA,TCGA-BH-A0BR-01A,108.713,25.034
BRCA,TCGA-A2-A1FW-01A,170.353,50.251
BRCA,TCGA-BH-A0BO-01A,143.055,3.94
BRCA,TCGA-E2-A14Y-01A,178.277,56.89
BRCA,TCGA-A7-A4SC-01A,142.452,17.205
BRCA,TCGA-A7-A13D-01B,230.438,31.482
BRCA,TCGA-AO-A03O-01A,566.991,55.698
BRCA,TCGA-Z7-A8R6-01A,205.367,54.064
BRCA,TCGA-A8-A07W-01A,238.536,51.346
BRCA,TCGA-D8-A140-01A,166.112,23.273
BRCA,TCGA-D8-A1XA-01A,175.339,21.497
BRCA,TCGA-A2-A0CY-01A,131.485,13.008
BRCA,TCGA-AR-A24M-01A,111.667,11.595
BRCA,TCGA-A2-A3XV-01A,33.598,3.458
BRCA,TCGA-GM-A2DA-01A,315.207,9.853
BRCA,TCGA-A2-A0CR-01A,164.273,4.25
BRCA,TCGA-AC-A62Y-01A,114.174,5.818
BRCA,TCGA-BH-A42V-01A,155.634,5.555
BRCA,TCGA-C8-A8HR-01A,209.288,28.028
BRCA,TCGA-D8-A1XK-01A,309.792,163.336
BRCA,TCGA-B6-A0IN-01A,191.685,11.742
BRCA,TCGA-A2-A0T6-01A,213.242,3.532
BRCA,TCGA-E9-A1NE-01A,209.075,33.113
BRCA,TCGA-AR-A5QP-01A,179.083,10.924
BRCA,TCGA-A8-A07S-01A,102.804,35.404
BRCA,TCGA-A8-A08J-01A,227.155,32.332
BRCA,TCGA-C8-A12O-01A,725.202,41.216
BRCA,TCGA-E9-A248-01A,131.646,41.431
BRCA,TCGA-EW-A1OV-01A,138.132,28.966
BRCA,TCGA-A2-A04V-01A,199.229,19.192
BRCA,TCGA-BH-A1FL-01A,272.19,23.555
BRCA,TCGA-A7-A0CH-01A,131.983,8.607
BRCA,TCGA-E2-A153-01A,199.964,5.435
BRCA,TCGA-AR-A2LE-01A,188.244,7.56
BRCA,TCGA-AC-A3W5-01A,120.144,20.424
BRCA,TCGA-WT-AB44-01A,149.528,1.123
BRCA,TCGA-S3-A6ZH-01A,195.569,31.058
BRCA,TCGA-C8-A12Y-01A,221.391,12.47
BRCA,TCGA-BH-A8FY-01A,112.412,8.532
BRCA,TCGA-3C-AAAU-01A,215.265,41.497
BRCA,TCGA-D8-A1XU-01A,149.323,7.532
BRCA,TCGA-A2-A0EM-01A,122.625,8.9
BRCA,TCGA-B6-A0IH-01A,180.332,2.404
BRCA,TCGA-C8-A278-01A,126.949,21.251
BRCA,TCGA-GM-A2DH-01A,391.907,93.782
BRCA,TCGA-BH-A0EA-01A,152.639,3.424
BRCA,TCGA-GM-A2DI-01A,268.07,6.367
BRCA,TCGA-C8-A27B-01A,220.89,62.804
BRCA,TCGA-AO-A0JJ-01A,110.451,15.726
BRCA,TCGA-EW-A1IX-01A,158.178,6.065
BRCA,TCGA-AN-A0FN-01A,112.516,9.73
BRCA,TCGA-A2-A4S0-01A,90.023,6.742
BRCA,TCGA-AO-A0J8-01A,149.899,10.162
BRCA,TCGA-C8-A132-01A,385.578,20.62
BRCA,TCGA-A8-A09C-01A,158.908,28.056
BRCA,TCGA-3C-AALJ-01A,129.315,28.592
BRCA,TCGA-B6-A1KC-01B,288.755,34.792
BRCA,TCGA-A2-A4RX-01A,105.405,16.806
BRCA,TCGA-A7-A0CJ-01A,168.302,39.017
BRCA,TCGA-B6-A0RL-01A,255.751,49.274
BRCA,TCGA-AR-A1AQ-01A,273.553,86.633
BRCA,TCGA-BH-A0B2-01A,353.976,8.983
BRCA,TCGA-E2-A15E-01A,271.694,16.628
BRCA,TCGA-D8-A1JT-01A,315.466,18.157
BRCA,TCGA-E9-A1RA-01A,301.063,10.821
BRCA,TCGA-OL-A66O-01A,120.095,17.881
BRCA,TCGA-PE-A5DC-01A,234.043,34.281
BRCA,TCGA-BH-A0HI-01A,109.376,9.117
BRCA,TCGA-AN-A0AS-01A,292.125,13.678
BRCA,TCGA-EW-A1OX-01A,108.977,19.518
BRCA,TCGA-A7-A26J-01A,182.988,43.447
BRCA,TCGA-A1-A0SK-01A,271.989,341.738
BRCA,TCGA-EW-A2FW-01A,100.482,72.023
BRCA,TCGA-BH-A18T-01A,290.553,175.679
BRCA,TCGA-D8-A147-01A,106.623,82.743
BRCA,TCGA-A8-A09G-01A,171.76,33.774
BRCA,TCGA-BH-A18F-01A,195.162,38.707
BRCA,TCGA-AC-A6IW-01A,157.423,60.523
BRCA,TCGA-AR-A1AJ-01A,244.403,49.812
BRCA,TCGA-C8-A12Z-01A,130.642,35.794
BRCA,TCGA-BH-A1FN-01A,295.841,43.036
BRCA,TCGA-BH-A0E9-01B,200.178,10.326
BRCA,TCGA-A2-A259-01A,163.687,5.072
BRCA,TCGA-B6-A0RH-01A,197.871,7.504
BRCA,TCGA-BH-A0DS-01A,184.143,4.246
BRCA,TCGA-D8-A27W-01A,106.43,50.93
BRCA,TCGA-OL-A66J-01A,156.85,6.167
BRCA,TCGA-B6-A0X4-01A,66.597,5.826
BRCA,TCGA-E2-A576-01A,326.362,9.171
BRCA,TCGA-A7-A13E-01A,113.271,29.473
BRCA,TCGA-AN-A04D-01A,247.88,73.982
BRCA,TCGA-A7-A26F-01B,146.212,24.094
BRCA,TCGA-A2-A1G6-01A,140.448,1.642
BRCA,TCGA-E2-A1LL-01A,491.517,40.785
BRCA,TCGA-A8-A084-01A,71.554,33.156
BRCA,TCGA-AO-A12C-01A,221.534,9.183
BRCA,TCGA-BH-A0HQ-01A,136.499,8.861
BRCA,TCGA-AC-A2B8-01A,126.967,10.415
BRCA,TCGA-BH-A0DI-01A,155.797,11.158
BRCA,TCGA-MS-A51U-01A,129.267,8.142
BRCA,TCGA-AC-A2FO-01A,287.179,5.884
BRCA,TCGA-EW-A424-01A,196.582,16.56
BRCA,TCGA-E2-A15P-01A,225.974,6.174
BRCA,TCGA-A7-A3J1-01A,142.191,12.875
BRCA,TCGA-A8-A07L-01A,180.467,149.913
BRCA,TCGA-BH-A0HY-01A,150.537,29.616
BRCA,TCGA-OL-A5D8-01A,246.405,17.094
BRCA,TCGA-BH-A202-01A,128.279,33.547
BRCA,TCGA-BH-A209-01A,375.343,71.058
BRCA,TCGA-A2-A25C-01A,318.837,20.23
BRCA,TCGA-BH-A28O-01A,81.887,3.511
BRCA,TCGA-AR-A1AL-01A,134.818,13.828
BRCA,TCGA-BH-A1FH-01A,126.637,5.259
BRCA,TCGA-A8-A08I-01A,211.648,43.335
BRCA,TCGA-AO-A03T-01A,541.042,13.265
BRCA,TCGA-E2-A1IE-01A,242.286,40.554
BRCA,TCGA-AO-A03M-01B,272.509,39.085
BRCA,TCGA-E9-A1NH-01A,110.643,5.332
BRCA,TCGA-E9-A1N5-01A,162.579,35.424
BRCA,TCGA-BH-A0AU-01A,324.296,49.642
BRCA,TCGA-A8-A09M-01A,303.007,22.47
BRCA,TCGA-B6-A409-01A,412.49,13.615
BRCA,TCGA-D8-A27K-01A,125.239,10.263
BRCA,TCGA-E9-A1RB-01A,276.209,67.111
BRCA,TCGA-LD-A7W5-01A,188.151,14.549
BRCA,TCGA-JL-A3YX-01A,369.848,23.298
BRCA,TCGA-E2-A1LE-01A,108.366,23.76
BRCA,TCGA-AO-A0JG-01A,150.775,7.334
BRCA,TCGA-GM-A3XG-01A,144.125,2.142
BRCA,TCGA-B6-A0WW-01A,282.55,33.362
BRCA,TCGA-AR-A0U0-01A,152.394,38.585
BRCA,TCGA-AN-A0XR-01A,235.529,37.906
BRCA,TCGA-AC-A2QH-01A,43.644,11.884
BRCA,TCGA-D8-A1XG-01A,68.274,14.399
BRCA,TCGA-A8-A07O-01A,232.381,91.101
BRCA,TCGA-E2-A14P-01A,157.851,65.463
BRCA,TCGA-C8-A12V-01A,122.985,29.996
BRCA,TCGA-3C-AALK-01A,242.468,13.295
BRCA,TCGA-E9-A3QA-01A,259.937,97.221
BRCA,TCGA-D8-A1X5-01A,315.636,7.567
BRCA,TCGA-D8-A1XO-01A,128.618,8.793
BRCA,TCGA-EW-A2FS-01A,188.578,11.665
BRCA,TCGA-AR-A24P-01A,154.363,24.931
BRCA,TCGA-BH-A0HB-01A,325.343,14.019
BRCA,TCGA-B6-A0WS-01A,229.153,20.48
BRCA,TCGA-AO-A0J7-01A,202.05,34.701
BRCA,TCGA-E2-A15S-01A,119.307,106.01
BRCA,TCGA-AO-A1KT-01A,202.764,38.15
BRCA,TCGA-E9-A22G-01A,247.416,147.993
BRCA,TCGA-AQ-A1H3-01A,129.03,19.262
BRCA,TCGA-A7-A5ZX-01A,162.246,2.299
BRCA,TCGA-E2-A15H-01A,181.327,39.044
BRCA,TCGA-BH-A0AV-01A,208.269,106.65
BRCA,TCGA-AN-A0FD-01A,204.069,9.405
BRCA,TCGA-EW-A1PE-01A,139.218,15.589
BRCA,TCGA-S3-AA11-01A,132.987,19.973
BRCA,TCGA-GM-A3XN-01A,150.296,10.594
BRCA,TCGA-B6-A0I2-01A,140.027,71.909
BRCA,TCGA-E9-A1N6-01A,205.767,40.633
BRCA,TCGA-GM-A2D9-01A,111.578,5.243
BRCA,TCGA-OK-A5Q2-01A,98.877,24.787
BRCA,TCGA-AC-A3OD-01A,139.284,16.079
BRCA,TCGA-AR-A256-01A,413.309,103.378
BRCA,TCGA-BH-A0E7-01A,320.959,13.726
BRCA,TCGA-E2-A572-01A,105.481,1.818
BRCA,TCGA-D8-A27H-01A,264.066,44.226
BRCA,TCGA-B6-A0RU-01A,208.576,63.234
BRCA,TCGA-E2-A573-01A,322.504,49.203
BRCA,TCGA-A8-A09T-01A,236.8,12.429
BRCA,TCGA-A8-A093-01A,181.616,13.315
BRCA,TCGA-E9-A1N3-01A,109.791,19.934
BRCA,TCGA-D8-A1Y0-01A,216.137,52.398
BRCA,TCGA-A8-A097-01A,156.903,20.172
BRCA,TCGA-E9-A1QZ-01A,161.812,25.984
BRCA,TCGA-A8-A09X-01A,145.704,66.8
BRCA,TCGA-E2-A14S-01A,208.68,29.032
BRCA,TCGA-LL-A5YL-01A,87.285,5.908
BRCA,TCGA-BH-A0B4-01A,230.011,20.32
BRCA,TCGA-B6-A0IB-01A,188.468,36.299
BRCA,TCGA-AQ-A1H2-01A,170.516,6.682
BRCA,TCGA-A8-A08B-01A,228.708,24.858
BRCA,TCGA-C8-A1HI-01A,217.206,7.026
BRCA,TCGA-A8-A09N-01A,321.052,54.812
BRCA,TCGA-C8-A134-01A,269.108,74.435
BRCA,TCGA-AO-A0JD-01A,345.241,76.387
BRCA,TCGA-A7-A3RF-01A,131.717,15.426
BRCA,TCGA-S3-AA14-01A,125.958,13.53
BRCA,TCGA-E2-A156-01A,146.726,12.473
BRCA,TCGA-BH-A1FC-01A,297.966,143.472
BRCA,TCGA-B6-A40C-01A,175.409,29.837
BRCA,TCGA-E2-A155-01A,348.635,27.454
BRCA,TCGA-B6-A0X0-01A,87.558,13.044
BRCA,TCGA-AC-A3BB-01A,122.262,5.744
BRCA,TCGA-AO-A12B-01A,53.572,10.432
BRCA,TCGA-A7-A26E-01A,202.081,1.148
BRCA,TCGA-A8-A09Z-01A,250.55,20.517
BRCA,TCGA-A2-A25F-01A,128.559,48.72
BRCA,TCGA-AN-A04C-01A,297.353,27.636
BRCA,TCGA-BH-A0C3-01A,123.373,23.146
BRCA,TCGA-LL-A8F5-01A,244.748,49.755
BRCA,TCGA-B6-A0RV-01A,245.042,10.018
BRCA,TCGA-E9-A1RC-01A,310.102,27.511
BRCA,TCGA-BH-A0H3-01A,157.834,5.84
BRCA,TCGA-C8-A12W-01A,241.916,92.295
BRCA,TCGA-EW-A2FR-01A,79.58,14.675
BRCA,TCGA-AN-A0XN-01A,174.393,14.293
BRCA,TCGA-BH-A6R8-01A,260.706,7.974
BRCA,TCGA-E9-A245-01A,108.906,15.395
BRCA,TCGA-AN-A0XU-01A,189.221,103.318
BRCA,TCGA-D8-A1XT-01A,179.632,30.493
BRCA,TCGA-A8-A08F-01A,324.452,54.083
BRCA,TCGA-A2-A0ST-01A,152.485,52.451
BRCA,TCGA-AR-A251-01A,271.977,47.652
BRCA,TCGA-A2-A0EX-01A,445.985,3.328
BRCA,TCGA-E9-A1NA-01A,146.057,29.898
BRCA,TCGA-D8-A1XV-01A,49.79,10.047
BRCA,TCGA-A7-A5ZV-01A,78.098,52.083
BRCA,TCGA-A7-A425-01A,85.535,24.615
BRCA,TCGA-A2-A0CK-01A,170.118,14.42
BRCA,TCGA-BH-A0RX-01A,185.351,21.867
BRCA,TCGA-AO-A0JE-01A,117.105,18.66
BRCA,TCGA-E9-A2JT-01A,115.632,14.981
BRCA,TCGA-E9-A1R3-01A,150.069,0.587
BRCA,TCGA-BH-A0H9-01A,244.886,19.184
BRCA,TCGA-A8-A08R-01A,305.282,111.546
BRCA,TCGA-A2-A0YL-01A,259.324,17.85
BRCA,TCGA-PL-A8LX-01A,127.909,8.507
BRCA,TCGA-BH-A0DP-01A,167.121,9.336
BRCA,TCGA-EW-A1P7-01A,171.062,16.838
BRCA,TCGA-AO-A125-01A,149.065,7.331
BRCA,TCGA-E9-A22E-01A,160.299,9.938
BRCA,TCGA-AO-A03V-01A,311.079,10.816
BRCA,TCGA-A7-A5ZW-01A,205.325,3.368
BRCA,TCGA-E9-A22B-01A,177.655,11.39
BRCA,TCGA-A2-A0ET-01A,190.497,19.254
BRCA,TCGA-A2-A3Y0-01A,106.387,82.587
BRCA,TCGA-A7-A26E-01B,170.868,12.29
BRCA,TCGA-HN-A2OB-01A,157.031,3.29
BRCA,TCGA-AC-A2FE-01A,183.726,10.565
BRCA,TCGA-AR-A0TP-01A,156.53,61.274
BRCA,TCGA-A2-A0EP-01A,115.541,8.851
BRCA,TCGA-AR-A1AW-01A,257.123,22.462
BRCA,TCGA-A8-A076-01A,270.539,33.818
BRCA,TCGA-D8-A1XC-01A,65.3,10.909
BRCA,TCGA-EW-A1IW-01A,262.969,30.929
BRCA,TCGA-EW-A1P3-01A,140.711,17.987
BRCA,TCGA-AR-A24H-01A,164.674,79.783
BRCA,TCGA-E9-A1RH-01A,136.018,26.247
BRCA,TCGA-AO-A12F-01A,234.606,61.064
BRCA,TCGA-LL-A440-01A,130.184,8.04
BRCA,TCGA-AN-A0FY-01A,269.459,48.321
BRCA,TCGA-BH-A18K-01A,245.1,21.153
BRCA,TCGA-C8-A137-01A,329.506,39.137
BRCA,TCGA-AR-A2LR-01A,141.649,79.226
BRCA,TCGA-A7-A13G-01B,115.851,21.756
BRCA,TCGA-D8-A1JL-01A,464.433,143.669
BRCA,TCGA-B6-A0RO-01A,269.849,5.637
BRCA,TCGA-D8-A27E-01A,128.613,5.205
BRCA,TCGA-AR-A2LH-01A,177.9,14.773
BRCA,TCGA-BH-A18P-01A,211.505,40.347
BRCA,TCGA-A8-A07C-01A,169.217,134.446
BRCA,TCGA-AR-A24V-01A,235.716,5.842
BRCA,TCGA-BH-A0E0-01A,352.497,39.956
BRCA,TCGA-E2-A1LK-01A,284.794,18.854
BRCA,TCGA-A7-A13G-01A,43.791,0.997
BRCA,TCGA-E2-A15R-01A,192.399,40.708
BRCA,TCGA-BH-A0HX-01A,246.766,23.915
BRCA,TCGA-E9-A1R0-01A,189.781,17.222
BRCA,TCGA-C8-A1HL-01A,251.422,41.749
BRCA,TCGA-E2-A152-01A,271.109,24.714
BRCA,TCGA-EW-A1PC-01B,276.883,84.756
BRCA,TCGA-A8-A06Y-01A,114.268,10.208
BRCA,TCGA-A8-A06P-01A,208.184,7.496
BRCA,TCGA-A2-A04X-01A,229.469,29.509
BRCA,TCGA-OL-A66I-01A,110.512,47.242
BRCA,TCGA-B6-A401-01A,250.223,8.369
BRCA,TCGA-AN-A0XW-01A,203.071,39.35
BRCA,TCGA-B6-A0WY-01A,228.781,13.657
BRCA,TCGA-E2-A14Z-01A,274.045,12.296
BRCA,TCGA-A7-A3IZ-01A,92.328,36.469
BRCA,TCGA-E2-A1IH-01A,223.628,15.313
BRCA,TCGA-AR-A2LO-01A,166.635,26.973
BRCA,TCGA-E2-A14U-01A,135.176,2.664
BRCA,TCGA-A8-A07P-01A,241.187,14.606
BRCA,TCGA-A8-A07G-01A,208.302,8.076
BRCA,TCGA-A7-A13F-01A,172.495,77.462
BRCA,TCGA-AR-A24X-01A,192.386,14.356
BRCA,TCGA-A2-A0EY-01A,176.959,23.633
BRCA,TCGA-EW-A1P8-01A,282.246,210.1
BRCA,TCGA-BH-A18V-01A,177.276,211.971
BRCA,TCGA-B6-A0I8-01A,86.138,16.146
BRCA,TCGA-BH-A0B2-01A,353.976,8.983
BRCA,TCGA-C8-A1HO-01A,355.949,37.31
BRCA,TCGA-EW-A1P6-01A,618.942,15.341
BRCA,TCGA-A8-A07R-01A,881.101,81.068
BRCA,TCGA-BH-A0EB-01A,130.395,9.414
BRCA,TCGA-D8-A1J9-01A,153.992,22.658
BRCA,TCGA-A2-A04R-01A,143.085,35.119
BRCA,TCGA-D8-A143-01A,330.752,147.588
BRCA,TCGA-A7-A2KD-01A,136.482,26.516
BRCA,TCGA-AC-A3OD-01B,88.275,7.564
BRCA,TCGA-GM-A2DB-01A,331.973,18.276
BRCA,TCGA-A2-A04Q-01A,220.746,44.739
BRCA,TCGA-E2-A15C-01A,316.815,7.785
BRCA,TCGA-AN-A0FT-01A,129.62,5.008
BRCA,TCGA-B6-A0IK-01A,283.59,30.288
BRCA,TCGA-D8-A1XD-01A,300.734,24.512
BRCA,TCGA-AR-A1AK-01A,127.075,32.992
BRCA,TCGA-D8-A1XM-01A,260.806,11.549
BRCA,TCGA-E9-A1R4-01A,239.736,10.588
BRCA,TCGA-E2-A1IJ-01A,92.003,6.832
BRCA,TCGA-D8-A13Z-01A,288.464,74.745
BRCA,TCGA-AC-A23G-01A,113.617,9.192
BRCA,TCGA-A2-A04Y-01A,323.276,18.205
BRCA,TCGA-A1-A0SD-01A,166.891,13.784
BRCA,TCGA-AO-A1KP-01A,240.478,22.897
BRCA,TCGA-AC-A4ZE-01A,134.302,27.93
BRCA,TCGA-A8-A0A2-01A,352.847,12.856
BRCA,TCGA-PE-A5DE-01A,126.367,17.094
BRCA,TCGA-GM-A2DC-01A,169.722,1.868
BRCA,TCGA-AC-A3QQ-01A,97.195,6.548
BRCA,TCGA-A2-A0CW-01A,215.51,67.085
BRCA,TCGA-AN-A0FJ-01A,293.226,76.89
BRCA,TCGA-A7-A26F-01A,65.987,4.047
BRCA,TCGA-D8-A1JG-01B,106.583,34.946
BRCA,TCGA-LL-A6FP-01A,101.899,2.619
BRCA,TCGA-E2-A15T-01A,196.58,35.561
BRCA,TCGA-A7-A0D9-01A,191.105,6.322
BRCA,TCGA-AO-A1KO-01A,76.641,2.092
BRCA,TCGA-AQ-A7U7-01A,120.006,16.025
BRCA,TCGA-A1-A0SB-01A,94.012,10.45
BRCA,TCGA-A2-A0CO-01A,100.786,4.894
BRCA,TCGA-D8-A1XB-01A,203.521,16.934
BRCA,TCGA-A2-A0ES-01A,175.904,5.431
BRCA,TCGA-D8-A1XF-01A,89.725,68.795
BRCA,TCGA-A1-A0SF-01A,252.244,13.451
BRCA,TCGA-E2-A1B4-01A,124.862,2.782
BRCA,TCGA-E9-A1NG-01A,96.559,9.989
BRCA,TCGA-D8-A73X-01A,218.337,7.292
BRCA,TCGA-AO-A12D-01A,104.039,13.076
BRCA,TCGA-BH-A0B1-01A,620.823,27.597
BRCA,TCGA-A8-A09E-01A,288.159,27.496
BRCA,TCGA-C8-A26W-01A,317.983,42.444
BRCA,TCGA-A2-A0YF-01A,114.728,19.998
BRCA,TCGA-E2-A14O-01A,208.096,26.818
BRCA,TCGA-BH-A0C1-01B,192.091,26.776
BRCA,TCGA-B6-A0WT-01A,176.999,21.51
BRCA,TCGA-EW-A1J6-01A,529.705,11.365
BRCA,TCGA-A7-A26J-01B,87.597,19.425
BRCA,TCGA-A2-A04N-01A,297.162,8.437
BRCA,TCGA-AR-A24S-01A,311.967,33.266
BRCA,TCGA-D8-A1JF-01A,80.89,20.704
BRCA,TCGA-OL-A5RZ-01A,470.403,45.7
BRCA,TCGA-AC-A2FK-01A,131.248,2.518
BRCA,TCGA-E2-A109-01A,146.523,49.449
BRCA,TCGA-AQ-A54N-01A,283.512,8.785
BRCA,TCGA-D8-A141-01A,162.562,10.879
BRCA,TCGA-A7-A0DB-01A,186.489,7.837
BRCA,TCGA-EW-A1P4-01A,110.344,104.3
BRCA,TCGA-A7-A13G-01B,115.851,21.756
BRCA,TCGA-AR-A1AU-01A,203.601,26.917
BRCA,TCGA-AC-A2QJ-01A,45.489,4.213
BRCA,TCGA-AC-A3TN-01A,125.815,4.186
BRCA,TCGA-A7-A4SB-01A,191.81,29.559
BRCA,TCGA-B6-A0IO-01A,241.38,22.712
BRCA,TCGA-B6-A0IJ-01A,241.893,134.813
BRCA,TCGA-C8-A12N-01A,165.15,6.014
BRCA,TCGA-A2-A1G1-01A,363.996,128.202
BRCA,TCGA-E9-A24A-01A,118.625,10.516
BRCA,TCGA-AO-A03R-01A,241.92,32.902
BRCA,TCGA-E9-A3Q9-01A,53.436,1.524
BRCA,TCGA-AC-A3YJ-01A,192.434,5.886
BRCA,TCGA-AC-A23H-01A,219.21,25.255
BRCA,TCGA-C8-A12Q-01A,111.203,22.49
BRCA,TCGA-AC-A6NO-01A,151.062,18.869
BRCA,TCGA-LL-A50Y-01A,103.122,5.955
BRCA,TCGA-D8-A27V-01A,278.422,7.702
BRCA,TCGA-E2-A105-01A,255.432,25.477
BRCA,TCGA-B6-A400-01A,128.085,76.804
BRCA,TCGA-BH-A0HK-01A,153.215,13.57
BRCA,TCGA-AC-A3OD-01A,139.284,16.079
BRCA,TCGA-BH-A18R-01A,204.411,108.5
BRCA,TCGA-A2-A0T5-01A,141.442,13.956
BRCA,TCGA-A8-A07Z-01A,190.987,33.167
BRCA,TCGA-E2-A14X-01A,303.139,24.887
BRCA,TCGA-BH-A0B8-01A,194.808,26.135
BRCA,TCGA-C8-A1HG-01A,704.621,33.969
BRCA,TCGA-A2-A0EO-01A,236.707,7.639
BRCA,TCGA-E2-A1B6-01A,194.367,39.149
BRCA,TCGA-AO-A03L-01A,291.02,25.328
BRCA,TCGA-AO-A03N-01B,309.287,16.935
BRCA,TCGA-E9-A6HE-01A,186.872,10.428
BRCA,TCGA-BH-A1F0-01A,300.35,29.773
BRCA,TCGA-B6-A3ZX-01A,95.453,62.233
BRCA,TCGA-AC-A3QQ-01B,131.516,23.414
BRCA,TCGA-EW-A1PH-01A,287.855,30.047
BRCA,TCGA-A7-A0DB-01C,104.112,6.398
BRCA,TCGA-C8-A12P-01A,333.571,53.231
BRCA,TCGA-C8-A12K-01A,161.236,94.337
BRCA,TCGA-OL-A5RW-01A,172.095,27.557
BRCA,TCGA-BH-A1EV-01A,198.079,9.299
BRCA,TCGA-A7-A13G-01B,115.851,21.756
BRCA,TCGA-A8-A07U-01A,302.588,112.23
BRCA,TCGA-A7-A426-01A,130.85,10.273
BRCA,TCGA-A7-A26J-01A,182.988,43.447
BRCA,TCGA-AC-A2FG-01A,86.047,6.071
BRCA,TCGA-E9-A22D-01A,260.796,30.816
BRCA,TCGA-BH-A0AZ-01A,76.482,5.047
BRCA,TCGA-A2-A4RY-01A,150.167,7.484
BRCA,TCGA-C8-A1HJ-01A,440.941,108.872
BRCA,TCGA-AC-A3YI-01A,179.431,4.652
BRCA,TCGA-A2-A3XX-01A,377.372,37.874
BRCA,TCGA-A7-A26I-01A,114.521,8.663
BRCA,TCGA-LL-A5YM-01A,51.446,3.432
BRCA,TCGA-D8-A1XW-01A,479.503,19.703
BRCA,TCGA-A7-A0DA-01A,562.106,31.898
BRCA,TCGA-A8-A08L-01A,298.011,32.122
BRCA,TCGA-C8-A12L-01A,278.411,93.853
BRCA,TCGA-D8-A1XZ-01A,405.591,35.657
BRCA,TCGA-AN-A0AL-01A,372.117,104.57
BRCA,TCGA-OL-A5RV-01A,185.061,11.21
BRCA,TCGA-D8-A1JP-01A,210.473,25.328
BRCA,TCGA-D8-A1XY-01A,345.583,2.152
BRCA,TCGA-A7-A26F-01A,65.987,4.047
BRCA,TCGA-E2-A1L7-01A,330.646,81.557
BRCA,TCGA-WT-AB41-01A,105.792,2.802
BRCA,TCGA-C8-A274-01A,232.743,13.746
BRCA,TCGA-D8-A3Z5-01A,125.655,6.298
BRCA,TCGA-LD-A9QF-01A,116.151,11.865
BRCA,TCGA-C8-A130-01A,352.305,91.838
BRCA,TCGA-A7-A4SF-01A,138.454,53.839
BRCA,TCGA-D8-A4Z1-01A,126.902,6.363
BRCA,TCGA-OL-A6VQ-01A,146.092,8.2
BRCA,TCGA-E2-A1LH-01A,264.251,23.53
BRCA,TCGA-BH-A1FJ-01A,161.877,46.005
BRCA,TCGA-D8-A1JB-01A,186.232,6.263
BRCA,TCGA-A8-A06Q-01A,320.575,28.48
BRCA,TCGA-LL-A7SZ-01A,339.521,19.728
BRCA,TCGA-A2-A1G4-01A,225.855,38.295
BRCA,TCGA-A2-A0D4-01A,416.124,30.489
BRCA,TCGA-BH-A0H6-01A,208.763,6.048
BRCA,TCGA-BH-A0W7-01A,219.196,13.199
BRCA,TCGA-A2-A0D3-01A,166.208,3.391
BRCA,TCGA-A7-A6VW-01A,285.404,66.673
BRCA,TCGA-E2-A15G-01A,183.95,10.255
BRCA,TCGA-LL-A441-01A,151.01,53.022
BRCA,TCGA-D8-A1JD-01A,164.591,47.4
BRCA,TCGA-A2-A25A-01A,166.835,13.272
BRCA,TCGA-A2-A0EN-01A,156.929,7.042
BRCA,TCGA-A2-A04P-01A,315.588,10.471
BRCA,TCGA-A8-A07F-01A,281.173,25.398
BRCA,TCGA-E2-A1IG-01A,145.104,14.535
BRCA,TCGA-D8-A27G-01A,250.869,22.06
BRCA,TCGA-BH-A0B3-01A,469.202,73.528
BRCA,TCGA-C8-A1HM-01A,307.307,75.732
BRCA,TCGA-E2-A1LB-01A,31.493,10.162
BRCA,TCGA-BH-A0BA-01A,121.135,20.802
BRCA,TCGA-E9-A1R2-01A,157.019,19.088
BRCA,TCGA-BH-A0B6-01A,176.715,5.218
BRCA,TCGA-C8-A26X-01A,193.925,22.762
BRCA,TCGA-A8-A06N-01A,278.775,18.242
BRCA,TCGA-AN-A0FV-01A,109.013,14.41
BRCA,TCGA-A8-A095-01A,179.943,30.312
BRCA,TCGA-EW-A2FV-01A,533.854,34.842
BRCA,TCGA-EW-A1IY-01A,151.57,22.283
BRCA,TCGA-D8-A73U-01A,112.934,5.079
BRCA,TCGA-B6-A0RG-01A,143.485,31.184
BRCA,TCGA-OL-A5RY-01A,149.94,16.713
BRCA,TCGA-BH-A0DD-01A,299.691,86.253
BRCA,TCGA-E2-A1IL-01A,121.089,10.624
BRCA,TCGA-E9-A3HO-01A,138.143,39.046
BRCA,TCGA-AR-A24Q-01A,127.681,109.372
BRCA,TCGA-AO-A126-01A,115.03,8.877
BRCA,TCGA-GM-A5PV-01A,158.749,2.845
BRCA,TCGA-A2-A0YM-01A,159.368,176.938
BRCA,TCGA-E2-A1L9-01A,134.314,11.122
BRCA,TCGA-AR-A1AN-01A,182.527,14.738
BRCA,TCGA-A7-A13G-01A,43.791,0.997
BRCA,TCGA-GM-A2DO-01A,153.23,17.971
BRCA,TCGA-E9-A1N4-01A,210.514,15.342
BRCA,TCGA-OL-A5RU-01A,102.838,6.602
BRCA,TCGA-E2-A1IF-01A,76.13,11.664
BRCA,TCGA-AC-A3EH-01A,343.36,13.255
BRCA,TCGA-AC-A2FB-01A,209.336,10.101
BRCA,TCGA-AR-A0TY-01A,182.504,48.965
BRCA,TCGA-OL-A66L-01A,79.919,2.493
BRCA,TCGA-A7-A0DC-01B,137.237,20.784
BRCA,TCGA-D8-A1X9-01A,265.278,19.176
BRCA,TCGA-AO-A12A-01A,171.561,10.152
BRCA,TCGA-AO-A1KR-01A,115.358,46.08
BRCA,TCGA-E2-A10C-01A,329.834,19.367
BRCA,TCGA-A7-A26G-01A,235.406,25.783
BRCA,TCGA-AR-A24L-01A,144.211,27.931
BRCA,TCGA-BH-A1EW-01A,321.135,37.677
BRCA,TCGA-BH-A0HN-01A,212.681,7.017
BRCA,TCGA-AC-A2BK-01A,226.644,57.928
BRCA,TCGA-BH-A0DE-01A,155.867,10.213
BRCA,TCGA-S3-AA0Z-01A,96.527,118.577
BRCA,TCGA-AC-A2FM-01A,191.167,24.27
BRCA,TCGA-OL-A5RX-01A,119.281,4.739
BRCA,TCGA-EW-A6SA-01A,110.538,22.852
BRCA,TCGA-B6-A0X5-01A,261.898,83.868
BRCA,TCGA-E2-A15O-01A,330.294,48.679
BRCA,TCGA-EW-A1P5-01A,120.18,15.102
BRCA,TCGA-E2-A1B5-01A,158.858,5.061
BRCA,TCGA-BH-A28Q-01A,144.545,4.924
BRCA,TCGA-AC-A7VC-01A,173.676,23.596
BRCA,TCGA-A8-A081-01A,264.203,49.01
BRCA,TCGA-A8-A09A-01A,129.549,19.062
BRCA,TCGA-B6-A0X1-01A,276.403,277.764
BRCA,TCGA-A8-A08T-01A,435.222,10.075
BRCA,TCGA-AR-A24W-01A,116.875,6.275
BRCA,TCGA-A8-A06R-01A,287.029,5.645
BRCA,TCGA-A7-A13D-01A,253.266,15.361
BRCA,TCGA-AO-A0JB-01A,218.627,7.037
BRCA,TCGA-C8-A26V-01A,177.943,28.185
BRCA,TCGA-E2-A1B0-01A,275.232,43.27
BRCA,TCGA-AN-A0G0-01A,143.732,73.432
BRCA,TCGA-B6-A0IP-01A,189.082,19.41
BRCA,TCGA-BH-A0C0-01A,268.161,31.327
BRCA,TCGA-D8-A1Y1-01A,329.73,32.225
BRCA,TCGA-AN-A0FS-01A,117.67,9.179
BRCA,TCGA-E9-A5FL-01A,73.478,7.823
BRCA,TCGA-A2-A0CX-01A,200.862,29.638
BRCA,TCGA-BH-A1FU-01A,205.615,22.355
BRCA,TCGA-A8-A09Q-01A,457.469,16.328
BRCA,TCGA-E9-A1R7-01A,163.333,30.218
BRCA,TCGA-C8-A12X-01A,269.478,20.147
BRCA,TCGA-A2-A3XW-01A,85.605,9.457
BRCA,TCGA-AR-A5QQ-01A,183.201,48.229
BRCA,TCGA-A1-A0SO-01A,686.446,159.913
BRCA,TCGA-E2-A14Q-01A,204.52,10.985
BRCA,TCGA-B6-A0IQ-01A,328.226,71.897
BRCA,TCGA-E2-A14R-01A,377.866,64.388
BRCA,TCGA-A2-A0CS-01A,125.029,8.639
BRCA,TCGA-A8-A06O-01A,544.539,32.474
BRCA,TCGA-AN-A046-01A,249.046,16.378
BRCA,TCGA-A7-A26I-01B,141.284,33.741
BRCA,TCGA-OL-A66N-01A,97.572,2.659
BRCA,TCGA-GI-A2C8-01A,336.356,2.089
BRCA,TCGA-A2-A0CU-01A,386.41,24.949
BRCA,TCGA-A2-A0CV-01A,210.155,1.379
BRCA,TCGA-AQ-A04L-01B,122.996,12.988
BRCA,TCGA-B6-A0IG-01A,192.626,19.915
BRCA,TCGA-BH-A0W5-01A,230.648,7.774
BRCA,TCGA-AR-A1AT-01A,200.037,23.844
BRCA,TCGA-BH-A0DZ-01A,152.374,27.908
BRCA,TCGA-BH-A0BQ-01A,95.706,7.753
BRCA,TCGA-A2-A0YK-01A,151.837,9.985
BRCA,TCGA-B6-A40B-01A,151.398,18.4
BRCA,TCGA-A8-A083-01A,83.376,3.625
BRCA,TCGA-AN-A0XO-01A,346.966,13.017
BRCA,TCGA-A7-A3J0-01A,87.546,27.574
BRCA,TCGA-AC-A3QP-01A,131.363,3.413
BRCA,TCGA-AR-A1AR-01A,202.488,40.81
BRCA,TCGA-HN-A2NL-01A,207.286,156.527
BRCA,TCGA-AR-A254-01A,187.244,19.109
BRCA,TCGA-AR-A5QM-01A,90.67,16.452
BRCA,TCGA-A8-A0AB-01A,165.112,27.572
BRCA,TCGA-A2-A0SW-01A,147.06,37.552
BRCA,TCGA-D8-A27F-01A,262.004,131.966
BRCA,TCGA-EW-A3U0-01A,187.667,56.92
BRCA,TCGA-BH-A2L8-01A,159.661,10.272
BRCA,TCGA-PL-A8LY-01A,130.497,9.521
BRCA,TCGA-A1-A0SH-01A,139.198,9.236
BRCA,TCGA-C8-A8HP-01A,142.621,23.779
BRCA,TCGA-AR-A24T-01A,194.685,7.287
BRCA,TCGA-BH-A1FM-01A,174.714,33.106
BRCA,TCGA-BH-A0GY-01A,562.379,19.422
BRCA,TCGA-BH-A0BW-01A,181.858,42.234
BRCA,TCGA-E2-A15L-01A,107.849,31.552
BRCA,TCGA-C8-A12T-01A,215.677,33.971
BRCA,TCGA-AO-A12E-01A,539.926,37.121
BRCA,TCGA-UU-A93S-01A,219.331,28.671
BRCA,TCGA-AC-A3OD-01B,88.275,7.564
BRCA,TCGA-BH-A0E2-01A,244.329,36.322
BRCA,TCGA-B6-A0WX-01A,145.807,18.891
BRCA,TCGA-PL-A8LV-01A,104.099,22.635
BRCA,TCGA-BH-A0GZ-01A,217.638,12.478
BRCA,TCGA-B6-A0X7-01A,185.679,6.376
BRCA,TCGA-AC-A2QH-01B,120.529,43.772
BRCA,TCGA-A7-A0DC-01A,70.729,1.23
BRCA,TCGA-D8-A1JS-01A,96.47,4.587
BRCA,TCGA-AR-A2LM-01A,201.932,3.097
BRCA,TCGA-AC-A6IV-01A,109.674,9.97
BRCA,TCGA-AO-A0JI-01A,187.207,29.774
BRCA,TCGA-E2-A1IU-01A,124.918,11.139
BRCA,TCGA-AQ-A04H-01B,132.587,41.629
BRCA,TCGA-AR-A0TZ-01A,219.976,26.029
BRCA,TCGA-D8-A13Y-01A,286.034,125.481
BRCA,TCGA-A2-A0T2-01A,240.448,7.448
BRCA,TCGA-E2-A10F-01A,195.231,17.971
BRCA,TCGA-LL-A442-01A,142.972,15.554
BRCA,TCGA-AR-A1AS-01A,132.939,17.403
BRCA,TCGA-B6-A0IM-01A,393.113,33.124
BRCA,TCGA-BH-A0EI-01A,99.251,13.971
BRCA,TCGA-AN-A04A-01A,213.12,13.534
BRCA,TCGA-S3-AA10-01A,204.77,142.867
BRCA,TCGA-A2-A0T4-01A,215.041,33.392
BRCA,TCGA-BH-A1EY-01A,150.227,7.148
BRCA,TCGA-D8-A27L-01A,190.123,7.778
BRCA,TCGA-A7-A26I-01B,141.284,33.741
BRCA,TCGA-OL-A5D7-01A,226.122,142.722
BRCA,TCGA-E2-A15I-01A,132.813,4.551
BRCA,TCGA-BH-A0HU-01A,273.698,39.538
BRCA,TCGA-AC-A2FF-01A,54.786,13.742
BRCA,TCGA-BH-A203-01A,134.46,55.814
BRCA,TCGA-E9-A227-01A,155.004,10.695
BRCA,TCGA-BH-A0DV-01A,89.67,4.744
BRCA,TCGA-E2-A2P5-01A,255.984,48.624
BRCA,TCGA-E9-A1R6-01A,275.828,26.53
BRCA,TCGA-E2-A15K-01A,127.797,44.258
BRCA,TCGA-BH-A0AW-01A,163.547,14.784
BRCA,TCGA-LL-A6FQ-01A,251.621,4.805
BRCA,TCGA-C8-A1HE-01A,156.1,16.709
BRCA,TCGA-C8-A1HK-01A,487.163,44.2
BRCA,TCGA-BH-A0H5-01A,155.623,10.779
BRCA,TCGA-UL-AAZ6-01A,140.725,17.068
BRCA,TCGA-A8-A0A7-01A,172.574,14.168
BRCA,TCGA-BH-A0HF-01A,150.913,18.56
BRCA,TCGA-E2-A1AZ-01A,355.248,281.447
BRCA,TCGA-A1-A0SM-01A,113.105,16.437
BRCA,TCGA-C8-A26Z-01A,233.562,29.746
BRCA,TCGA-BH-A18U-01A,246.558,28.536
BRCA,TCGA-AR-A0U3-01A,166.408,79.807
BRCA,TCGA-OL-A6VO-01A,430.084,70.484
BRCA,TCGA-A2-A0YG-01A,139.552,54.227
BRCA,TCGA-V7-A7HQ-01A,215.087,1.758
BRCA,TCGA-E2-A108-01A,217.276,11.005
BRCA,TCGA-C8-A135-01A,125.911,25.263
BRCA,TCGA-LL-A5YN-01A,189.329,7.395
BRCA,TCGA-AN-A0FF-01A,149.905,33.779
BRCA,TCGA-C8-A3M8-01A,130.742,27.133
BRCA,TCGA-BH-A0BS-01A,89.659,17.423
BRCA,TCGA-E9-A1ND-01A,193.659,41.32
BRCA,TCGA-S3-AA17-01A,132.098,34.543
BRCA,TCGA-AR-A24K-01A,336.267,23.746
BRCA,TCGA-E9-A54Y-01A,118.17,4.353
BRCA,TCGA-B6-A0WZ-01A,151.167,16.337
BRCA,TCGA-A2-A0CT-01A,192.329,18.51
BRCA,TCGA-E9-A247-01A,224.613,45.583
BRCA,TCGA-BH-A8FZ-01A,212.136,7.505
BRCA,TCGA-E9-A1RG-01A,248.375,28.1
BRCA,TCGA-AR-A252-01A,153.361,12.846
BRCA,TCGA-A8-A0A6-01A,142.263,5.523
BRCA,TCGA-GM-A2DM-01A,113.002,5.207
BRCA,TCGA-BH-A0HA-01A,184.671,8.501
BRCA,TCGA-A2-A4S3-01A,264.291,62.633
BRCA,TCGA-4H-AAAK-01A,186.014,11.445
BRCA,TCGA-A7-A0DC-01B,137.237,20.784
BRCA,TCGA-D8-A1JK-01A,160.255,36.624
BRCA,TCGA-AN-A0XP-01A,123.53,9.444
BRCA,TCGA-BH-A0WA-01A,118.458,51.746
BRCA,TCGA-BH-A0BP-01A,165.983,4.575
BRCA,TCGA-BH-A1F2-01A,233.711,24.486
BRCA,TCGA-AR-A2LQ-01A,116.678,9.648
BRCA,TCGA-AC-A7VB-01A,215.386,62.963
BRCA,TCGA-BH-A5J0-01A,167.279,8.63
BRCA,TCGA-AC-A3QQ-01A,97.195,6.548
BRCA,TCGA-EW-A3E8-01B,207.623,7.441
BRCA,TCGA-C8-A12U-01A,285.76,69.689
BRCA,TCGA-BH-A1FD-01A,317.603,44.745
BRCA,TCGA-AR-A1AV-01A,80.047,15.113
BRCA,TCGA-BH-A0DK-01A,216.447,19.875
BRCA,TCGA-AC-A2QH-01B,120.529,43.772
BRCA,TCGA-PL-A8LZ-01A,387.03,42.804
BRCA,TCGA-A1-A0SI-01A,141.189,22.422
BRCA,TCGA-A8-A06U-01A,462.879,22.336
BRCA,TCGA-GM-A2DL-01A,202.73,24.863
BRCA,TCGA-A8-A09V-01A,123.074,18.202
BRCA,TCGA-AC-A2QH-01B,120.529,43.772
BRCA,TCGA-A2-A0T0-01A,275.022,24.196
BRCA,TCGA-A7-A0CG-01A,155.694,12.745
BRCA,TCGA-A2-A3XZ-01A,142.022,29.665
BRCA,TCGA-A2-A0SU-01A,173.563,16.656
BRCA,TCGA-E2-A1B1-01A,185.138,11.842
BRCA,TCGA-EW-A1J3-01A,205.402,18.128
BRCA,TCGA-A8-A08S-01A,295.091,43.247
BRCA,TCGA-BH-A1FG-01A,200.881,7.412
BRCA,TCGA-GM-A2DN-01A,156.79,17.162
BRCA,TCGA-LL-A6FR-01A,124.35,3.995
BRCA,TCGA-E2-A154-01A,311.307,23.169
BRCA,TCGA-A8-A07E-01A,176.26,36.211
BRCA,TCGA-AC-A62X-01A,306.555,32.991
BRCA,TCGA-BH-A8G0-01A,130.811,3.856
BRCA,TCGA-C8-A27A-01A,235.229,75.198
BRCA,TCGA-AR-A0U4-01A,138.078,100.87
BRCA,TCGA-LL-A5YP-01A,110.255,53.166
BRCA,TCGA-BH-A0BZ-01A,148.511,30.724
BRCA,TCGA-AR-A24R-01A,195.317,47.902
BRCA,TCGA-A2-A0T7-01A,354.393,15.733
BRCA,TCGA-BH-A0BC-01A,227.631,27.069
BRCA,TCGA-A8-A08X-01A,336.884,29.176
BRCA,TCGA-AO-A0J9-01A,117.682,12.481
BRCA,TCGA-A2-A4RW-01A,151.096,12.235
BRCA,TCGA-AR-A24N-01A,215.126,28.617
BRCA,TCGA-B6-A1KF-01A,343.215,68.684
BRCA,TCGA-A7-A4SA-01A,419.67,19.741
BRCA,TCGA-A2-A04T-01A,198.426,189.429
BRCA,TCGA-A8-A06X-01A,154.525,34.977
BRCA,TCGA-AO-A0JL-01A,147.099,17.998
BRCA,TCGA-A8-A079-01A,212.035,86.54
BRCA,TCGA-A2-A0YH-01A,267.722,49.003
BRCA,TCGA-A8-A082-01A,201.077,45.486
BRCA,TCGA-D8-A27P-01A,107.901,11.353
BRCA,TCGA-A2-A0YJ-01A,354.204,105.56
BRCA,TCGA-A7-A0CD-01A,157.317,15.912
BRCA,TCGA-D8-A1J8-01A,245.689,52.681
BRCA,TCGA-A2-A1G0-01A,118.242,4.552
BRCA,TCGA-AO-A0JA-01A,331.009,37.142
BRCA,TCGA-A1-A0SP-01A,241.848,234.729
BRCA,TCGA-B6-A0IC-01A,144.511,21.404
BRCA,TCGA-GM-A3NW-01A,144.496,9.748
BRCA,TCGA-D8-A145-01A,122.608,10.641
BRCA,TCGA-BH-A0E1-01A,159.974,40.277
BRCA,TCGA-E9-A1NF-01A,116.939,13.446
BRCA,TCGA-EW-A6SB-01A,107.924,71.07
BRCA,TCGA-AO-A0JM-01A,181.991,41.755
BRCA,TCGA-E9-A1NC-01A,204.423,29.88
BRCA,TCGA-A1-A0SN-01A,115.622,53.888
BRCA,TCGA-E9-A244-01A,154.067,70.242
BRCA,TCGA-BH-A42T-01A,227.491,42.54
BRCA,TCGA-E9-A229-01A,232.878,11.455
BRCA,TCGA-AR-A1AP-01A,178.215,23.019
BRCA,TCGA-EW-A1J2-01A,156.388,4.031
BRCA,TCGA-AO-A0JF-01A,126.343,7.83
BRCA,TCGA-D8-A1XR-01A,91.678,22.9
BRCA,TCGA-E2-A14V-01A,364.16,75.511
BRCA,TCGA-OL-A66H-01A,126.985,14.478
BRCA,TCGA-A7-A13E-01B,113.799,7.233
BRCA,TCGA-D8-A1Y2-01A,243.6,14.768
BRCA,TCGA-BH-A18Q-01A,141.953,86.786
BRCA,TCGA-BH-A0H7-01A,347.651,16.22
BRCA,TCGA-XX-A899-01A,142.576,15.535
BRCA,TCGA-E2-A15D-01A,142.135,5.31
BRCA,TCGA-A2-A25E-01A,265.971,49.953
BRCA,TCGA-LL-A73Y-01A,87.676,25.493
BRCA,TCGA-A8-A086-01A,151.942,15.155
BRCA,TCGA-BH-A0AY-01A,340.398,15.868
BRCA,TCGA-BH-A0BD-01A,125.963,49.275
BRCA,TCGA-E2-A1II-01A,289.526,174.901
BRCA,TCGA-A2-A0D0-01A,211.001,76.906
BRCA,TCGA-B6-A0RI-01A,194.145,23.117
BRCA,TCGA-BH-A208-01A,107.64,9.868
BRCA,TCGA-AO-A1KQ-01A,111.593,49.437
BRCA,TCGA-B6-A2IU-01A,187.349,17.165
BRCA,TCGA-A8-A09W-01A,140.336,38.863
BRCA,TCGA-BH-A1FE-01A,270.363,34.742
BRCA,TCGA-A2-A0EW-01A,157.617,8.147
BRCA,TCGA-EW-A1IZ-01A,200.743,16.742
BRCA,TCGA-A8-A08O-01A,251.823,22.488
BRCA,TCGA-BH-A5IZ-01A,240.128,169.846
BRCA,TCGA-AR-A0TV-01A,316.093,55.88
BRCA,TCGA-B6-A1KI-01A,134.951,5.722
BRCA,TCGA-AC-A6IX-01A,146.21,24.522
BRCA,TCGA-D8-A3Z6-01A,135.525,10.364
BRCA,TCGA-A8-A06T-01A,387.156,12.368
BRCA,TCGA-5T-A9QA-01A,187.934,22.847
BRCA,TCGA-A2-A3KD-01A,72.598,22.079
BRCA,TCGA-AN-A0FL-01A,149.777,12.464
BRCA,TCGA-A7-A26I-01B,141.284,33.741
BRCA,TCGA-A7-A26F-01B,146.212,24.094
BRCA,TCGA-D8-A1JC-01A,347.314,50.898
BRCA,TCGA-B6-A0RS-01A,98.303,28.477
BRCA,TCGA-AN-A0AK-01A,253.952,86.612
BRCA,TCGA-A7-A13E-01A,113.271,29.473
BRCA,TCGA-AR-A1AH-01A,184.123,61.526
BRCA,TCGA-B6-A0I6-01A,243.283,162.112
BRCA,TCGA-A8-A09D-01A,261.328,18.808
BRCA,TCGA-A2-A0EU-01A,365.669,14.545
BRCA,TCGA-AO-A12G-01A,160.285,11.816
BRCA,TCGA-A8-A0AD-01A,164.779,16.905
BRCA,TCGA-C8-A26Y-01A,260.709,30.977
BRCA,TCGA-E9-A1NI-01A,144.488,31.194
BRCA,TCGA-A2-A0YC-01A,168.248,18.217
BRCA,TCGA-A8-A092-01A,339.792,57.143
BRCA,TCGA-A1-A0SQ-01A,97.994,16.031
BRCA,TCGA-AN-A041-01A,116.444,18.217
BRCA,TCGA-D8-A27M-01A,281.028,93.358
BRCA,TCGA-EW-A1J5-01A,165.421,28.153
BRCA,TCGA-AO-A0J4-01A,166.985,68.393
BRCA,TCGA-D8-A1JH-01A,188.761,7.387
BRCA,TCGA-BH-A0BT-01A,178.788,9.003
BRCA,TCGA-D8-A1Y3-01A,476.708,33.109
BRCA,TCGA-B6-A0IE-01A,216.841,11.571
BRCA,TCGA-E2-A14N-01A,379.678,96.557
BRCA,TCGA-BH-A0C7-01B,206.126,49.904
BRCA,TCGA-AC-A2QH-01A,43.644,11.884
BRCA,TCGA-E9-A22A-01A,270.477,33.792
BRCA,TCGA-EW-A1PB-01A,153.478,63.233
BRCA,TCGA-E2-A3DX-01A,114.567,6.008
BRCA,TCGA-GM-A2DF-01A,549.374,29.705
BRCA,TCGA-E9-A54X-01A,99.764,11.975
BRCA,TCGA-B6-A0I9-01A,281.778,42.324
BRCA,TCGA-BH-A201-01A,164.288,14.382
BRCA,TCGA-AR-A0TQ-01A,111.791,70.133
BRCA,TCGA-BH-A0BJ-01A,174.41,9.694
BRCA,TCGA-B6-A0IA-01A,203.983,12.517
BRCA,TCGA-AR-A255-01A,275.265,22.9
BRCA,TCGA-S3-A6ZF-01A,438.309,44.27
BRCA,TCGA-A7-A0DC-01A,70.729,1.23
BRCA,TCGA-A2-A1FV-01A,286.06,13.038
BRCA,TCGA-A2-A0SY-01A,203.892,9.918
BRCA,TCGA-AC-A3W6-01A,168.959,14.117
BRCA,TCGA-AO-A129-01A,246.796,112.966
BRCA,TCGA-OL-A66K-01A,175.192,7.14
BRCA,TCGA-A2-A0CL-01A,202.219,35.331
BRCA,TCGA-LQ-A4E4-01A,168.261,40.804
BRCA,TCGA-AR-A24O-01A,161.743,21.094
BRCA,TCGA-AO-A03P-01A,172.15,37.861
BRCA,TCGA-BH-A0B7-01A,174.647,17.612
BRCA,TCGA-E9-A226-01A,171.771,32.235
BRCA,TCGA-A8-A08C-01A,94.998,8.442
BRCA,TCGA-E9-A295-01A,117.573,15.969
BRCA,TCGA-AO-A0J6-01A,319.904,54.062
BRCA,TCGA-EW-A1OY-01A,623.519,27.97
BRCA,TCGA-E9-A243-01A,233.507,46.924
BRCA,TCGA-A7-A26F-01B,146.212,24.094
BRCA,TCGA-AQ-A04J-01A,167.976,98.259
BRCA,TCGA-AR-A0TS-01A,152.67,107.936
BRCA,TCGA-LL-A7T0-01A,276.482,29.664
BRCA,TCGA-A2-A3XT-01A,202.5,111.758
BRCA,TCGA-D8-A27T-01A,266.22,17.726
BRCA,TCGA-AR-A2LL-01A,259.972,17.1
BRCA,TCGA-A7-A0DC-01A,70.729,1.23
BRCA,TCGA-C8-A275-01A,236.605,47.773
BRCA,TCGA-BH-A1FB-01A,244.18,6.492
BRCA,TCGA-S3-A6ZG-01A,215.421,30.923
BRCA,TCGA-A7-A3IY-01A,126.167,8.646
BRCA,TCGA-AC-A3HN-01A,113.561,16.221
BRCA,TCGA-E9-A5FK-01A,161.777,3.469
BRCA,TCGA-EW-A1PF-01A,194.975,17.455
BRCA,TCGA-AN-A0AM-01A,666.301,56.973
BRCA,TCGA-AR-A1AX-01A,225.568,23.907
BRCA,TCGA-A2-A0T1-01A,244.965,20.443
BRCA,TCGA-E2-A15J-01A,154.882,12.779
BRCA,TCGA-A1-A0SE-01A,222.296,22.303
BRCA,TCGA-D8-A1JJ-01A,178.278,30.049
BRCA,TCGA-BH-A0HW-01A,100.129,24.108
BRCA,TCGA-E2-A15M-01A,263.7,28.878
BRCA,TCGA-AC-A8OS-01A,111.002,9.075
BRCA,TCGA-A2-A0D2-01A,379.999,167.474
BRCA,TCGA-AR-A0TX-01A,113.484,25.189
BRCA,TCGA-E9-A5UO-01A,136.543,17.172
BRCA,TCGA-D8-A27R-01A,554.755,50.097
BRCA,TCGA-A8-A0A9-01A,150.093,24.289
BRCA,TCGA-A2-A0SX-01A,151.169,41.506
BRCA,TCGA-A2-A25B-01A,300.094,38.222
BRCA,TCGA-AO-A03U-01B,138.007,6.263
BRCA,TCGA-GM-A3XL-01A,333.838,88.111
BRCA,TCGA-GM-A2DK-01A,170.63,3.932
BRCA,TCGA-AC-A23C-01A,188.877,21.643
BRCA,TCGA-AR-A0TU-01A,365.117,142.337
BRCA,TCGA-BH-A0HO-01A,87.415,10.938
BRCA,TCGA-C8-A133-01A,101.99,8.029
BRCA,TCGA-A7-A0CE-01A,144.076,106.419
BRCA,TCGA-AC-A5XS-01A,251.626,3.556
BRCA,TCGA-BH-A1F5-01A,281.087,9.192
BRCA,TCGA-A7-A26H-01A,192.595,11.572
BRCA,TCGA-A8-A0A1-01A,131.68,14.793
BRCA,TCGA-D8-A1XQ-01A,441.56,18.25
BRCA,TCGA-AN-A0XL-01A,112.003,18.81
BRCA,TCGA-AQ-A54O-01A,280.656,3.498
BRCA,TCGA-E2-A158-01A,142.206,25.954
BRCA,TCGA-D8-A146-01A,95.362,8.708
BRCA,TCGA-GM-A5PX-01A,121.671,1.367
BRCA,TCGA-GM-A3NY-01A,134.719,3.967
BRCA,TCGA-BH-A18S-01A,107.044,4.171
BRCA,TCGA-B6-A0RM-01A,229.602,16.37
BRCA,TCGA-B6-A0I1-01A,352.179,14.833
BRCA,TCGA-BH-A0DO-01B,154.557,4.083
BRCA,TCGA-LL-A5YO-01A,94.741,18.513
BRCA,TCGA-BH-A18M-01A,207.757,15.337
BRCA,TCGA-E2-A14W-01A,235.1,28.264
BRCA,TCGA-C8-A1HF-01A,275.888,37.508
BRCA,TCGA-A2-A25D-01A,334.342,23.116
BRCA,TCGA-E2-A570-01A,347.735,9.737
BRCA,TCGA-A7-A13D-01A,253.266,15.361
BRCA,TCGA-BH-A0BF-01A,260.772,22.694
BRCA,TCGA-AO-A0JC-01A,106.565,9.702
BRCA,TCGA-B6-A0RP-01A,112.114,7.184
BRCA,TCGA-C8-A273-01A,164.09,29.594
BRCA,TCGA-AC-A2BM-01A,230.037,25.983
BRCA,TCGA-E2-A1LS-01A,244.384,7.376
BRCA,TCGA-A2-A04W-01A,605.029,29.089
BRCA,TCGA-BH-A0DG-01A,119.066,15.952
BRCA,TCGA-BH-A0BL-01A,225.34,85.475
BRCA,TCGA-A8-A090-01A,234.67,27.103
BRCA,TCGA-AO-A0J2-01A,173.008,79.8
BRCA,TCGA-AC-A62V-01A,202.189,19.091
BRCA,TCGA-A7-A4SE-01A,160.222,75.089
BRCA,TCGA-GM-A2DD-01A,92.827,15.159
BRCA,TCGA-BH-A0W4-01A,203.301,16.109
BRCA,TCGA-B6-A1KN-01A,327.676,34.335
BRCA,TCGA-OL-A6VR-01A,189.071,6.587
BRCA,TCGA-AO-A0J3-01A,235.09,35.303
BRCA,TCGA-AC-A8OQ-01A,290.332,31.589
BRCA,TCGA-W8-A86G-01A,154.034,2.875
BRCA,TCGA-E2-A1L8-01A,299.413,10.653
BRCA,TCGA-D8-A27N-01A,170.169,14.921
BRCA,TCGA-C8-A1HN-01A,453.184,47.266
BRCA,TCGA-A8-A07B-01A,282.488,30.912
BRCA,TCGA-A7-A13H-01A,143.012,7.418
BRCA,TCGA-AO-A128-01A,121.782,30.422
BRCA,TCGA-BH-A42U-01A,94.766,2.854
BRCA,TCGA-BH-A1ET-01A,103.127,4.636
BRCA,TCGA-BH-A0W3-01A,143.736,40.851
BRCA,TCGA-C8-A138-01A,152.735,9.801
BRCA,TCGA-E2-A150-01A,464.448,62.261
BRCA,TCGA-LL-A740-01A,62.739,10.551
BRCA,TCGA-BH-A0HP-01A,138.667,14.444
BRCA,TCGA-E2-A1LI-01A,240.91,67.014
BRCA,TCGA-E9-A22H-01A,232.467,36.164
BRCA,TCGA-E2-A56Z-01A,401.298,14.028
BRCA,TCGA-AC-A5XU-01A,125.284,26.67
BRCA,TCGA-A8-A07I-01A,140.683,46.412
BRCA,TCGA-BH-A1FR-01A,140.345,19.072
BRCA,TCGA-BH-A0HL-01A,94.935,29.561
BRCA,TCGA-E2-A1LG-01A,69.252,45.895
BRCA,TCGA-AC-A3QQ-01B,131.516,23.414
BRCA,TCGA-A8-A08Z-01A,306.294,9.212
BRCA,TCGA-PE-A5DD-01A,179.426,21.545
BRCA,TCGA-A8-A091-01A,164.241,13.765
BRCA,TCGA-B6-A0I5-01A,140.395,4.279
BRCA,TCGA-BH-A0EE-01A,294.904,21.063
BRCA,TCGA-D8-A1X8-01A,145.69,17.739
BRCA,TCGA-A7-A26E-01A,202.081,1.148
BRCA,TCGA-LD-A7W6-01A,110.706,23.973
BRCA,TCGA-E2-A574-01A,145.39,12.319
BRCA,TCGA-AC-A23E-01A,203.232,8.79
BRCA,TCGA-A8-A08A-01A,117.129,12.504
BRCA,TCGA-BH-A0B0-01A,142.426,8.664
BRCA,TCGA-D8-A27I-01A,161.404,11.711
BRCA,TCGA-AR-A0U2-01A,309.045,118.001
BRCA,TCGA-A8-A08H-01A,161.229,28.933
BRCA,TCGA-A8-A09B-01A,221.573,11.868
BRCA,TCGA-AN-A0XT-01A,152.411,10.016
BRCA,TCGA-BH-A18G-01A,154.72,10.712
BRCA,TCGA-C8-A12M-01A,194.744,17.067
BRCA,TCGA-A8-A09K-01A,357.65,24.534
BRCA,TCGA-A2-A4S2-01A,242.317,10.14
BRCA,TCGA-E9-A1RD-01A,133.79,14.379
BRCA,TCGA-E9-A1N8-01A,186.065,66.865
BRCA,TCGA-XX-A89A-01A,180.229,15.513
BRCA,TCGA-E2-A10B-01A,136.515,21.967
BRCA,TCGA-D8-A1JI-01A,104.295,11.67
BRCA,TCGA-E2-A107-01A,241.766,67.709
BRCA,TCGA-BH-A0DT-01A,145.73,9.743
BRCA,TCGA-AN-A0AT-01A,320.825,77.497
BRCA,TCGA-E2-A14T-01A,169.108,19.341
BRCA,TCGA-AN-A0AR-01A,220.364,159.852
BRCA,TCGA-A8-A07J-01A,162.409,5.7
BRCA,TCGA-AR-A2LN-01A,158.418,2.967
BRCA,TCGA-AN-A049-01A,193.455,25.179
BRCA,TCGA-5L-AAT0-01A,177.151,3.255
BRCA,TCGA-A2-A0CM-01A,225.177,70.357
BRCA,TCGA-B6-A0WV-01A,255.534,48.865
BRCA,TCGA-A2-A0CQ-01A,141.566,14.153
BRCA,TCGA-E2-A1BC-01A,172.173,2.241
BRCA,TCGA-EW-A6SD-01A,183.964,16.398
BRCA,TCGA-E2-A9RU-01A,264.559,18.223
BRCA,TCGA-A2-A0CP-01A,342.57,3.13
BRCA,TCGA-A7-A26I-01A,114.521,8.663
BRCA,TCGA-A2-A0YT-01A,540.621,49.109
BRCA,TCGA-A2-A0CZ-01A,117.755,4.068
BRCA,TCGA-BH-A1EX-01A,229.626,12.043
BRCA,TCGA-E2-A15A-01A,436.827,59.206
BRCA,TCGA-BH-A6R9-01A,86.764,7.87
BRCA,TCGA-A2-A0ER-01A,127.311,35.17
BRCA,TCGA-E9-A249-01A,188.827,16.588
BRCA,TCGA-AN-A0FK-01A,107.266,18.742
BRCA,TCGA-AR-A1AM-01A,159.578,5.02
BRCA,TCGA-EW-A1OZ-01A,175.381,22.514
BRCA,TCGA-E9-A2JS-01A,301.567,51.852
BRCA,TCGA-A8-A099-01A,133.796,14.454
BRCA,TCGA-E2-A2P6-01A,156.191,20.17
BRCA,TCGA-E2-A1IO-01A,245.908,13.697
BRCA,TCGA-E2-A106-01A,169.888,7.728
BRCA,TCGA-E9-A1RF-01A,193.899,11.368
BRCA,TCGA-BH-A0BG-01A,315.449,38.975
BRCA,TCGA-D8-A1JN-01A,86.366,5.436
BRCA,TCGA-A2-A3XY-01A,112.772,44.376
BRCA,TCGA-BH-A18L-01A,179.321,67.589
BRCA,TCGA-A2-A0SV-01A,334.632,35.178
BRCA,TCGA-A2-A04U-01A,162.796,27.13
BRCA,TCGA-E2-A15F-01A,189.456,31.382
BRCA,TCGA-EW-A1PG-01A,187.036,2.569
BRCA,TCGA-BH-A18N-01A,140.06,14.339
BRCA,TCGA-A8-A0A4-01A,170.321,21.074
BRCA,TCGA-AR-A0TT-01A,305.726,25.487
BRCA,TCGA-AC-A3OD-01B,88.275,7.564
BRCA,TCGA-D8-A1XL-01A,407.489,24.563
BRCA,TCGA-A8-A06Z-01A,257.947,25.464
BRCA,TCGA-E2-A159-01A,395.326,32.889
BRCA,TCGA-A8-A094-01A,134.348,43.451
BRCA,TCGA-A8-A09R-01A,161.083,25.962
BRCA,TCGA-A8-A075-01A,230.611,49.857
BRCA,TCGA-BH-A1EN-01A,78.727,21.909
BRCA,TCGA-AC-A8OP-01A,156.191,19.117
BRCA,TCGA-BH-A1F6-01A,657.097,41.593
BRCA,TCGA-EW-A1J1-01A,222.849,12.251
BRCA,TCGA-E2-A1LA-01A,163.893,24.788
BRCA,TCGA-A7-A6VY-01A,163.676,69.394
BRCA,TCGA-BH-A0H0-01A,246.828,36.875
BRCA,TCGA-AO-A124-01A,360.235,80.989
BRCA,TCGA-D8-A1X7-01A,129.893,14.817
BRCA,TCGA-E2-A1IK-01A,96.928,12.289
BRCA,TCGA-A2-A0EQ-01A,319.651,41.199
BRCA,TCGA-D8-A1XJ-01A,863.372,40.209
BRCA,TCGA-3C-AALI-01A,404.73,41.548
BRCA,TCGA-A1-A0SG-01A,299.496,9.791
BRCA,TCGA-A8-A085-01A,153.247,17.032
BRCA,TCGA-E9-A1R5-01A,164.851,9.598
BRCA,TCGA-A2-A0D1-01A,292.476,47.718
BRCA,TCGA-AR-A1AI-01A,220.527,77.664
BRCA,TCGA-A8-A08G-01A,223.229,39.563
BRCA,TCGA-A8-A08P-01A,432.443,40.918
BRCA,TCGA-D8-A1JM-01A,182.29,244.296
BRCA,TCGA-AR-A2LK-01A,255.965,49.35
BRCA,TCGA-EW-A1PD-01A,153.881,21.374
BRCA,TCGA-BH-A0BM-01A,133.689,1.816
BRCA,TCGA-GI-A2C9-01A,331.638,62.785
BRCA,TCGA-EW-A1OW-01A,246.687,71.419
BRCA,TCGA-OL-A5S0-01A,162.333,19.85
BRCA,TCGA-A2-A3XS-01A,343.948,34.747
BRCA,TCGA-A2-A3KC-01A,117.545,22.766
BRCA,TCGA-BH-A0BV-01A,178.436,24.817
BRCA,TCGA-B6-A408-01A,553.48,10.728
BRCA,TCGA-BH-A204-01A,186.145,44.615
BRCA,TCGA-BH-A0B5-01A,166.084,55.85
BRCA,TCGA-A2-A0YD-01A,82.424,9.851
BRCA,TCGA-AR-A5QN-01A,120.687,16.355
BRCA,TCGA-A7-A0DB-01A,186.489,7.837
BRCA,TCGA-AN-A0XS-01A,215.096,9.371
BRCA,TCGA-A8-A09I-01A,305.106,46.631
BRCA,TCGA-AQ-A0Y5-01A,266.555,6.798
BRCA,TCGA-BH-A18H-01A,232.525,9.713
BRCA,TCGA-B6-A0RT-01A,142.716,47.664
BRCA,TCGA-AR-A24U-01A,197.234,24.848
BRCA,TCGA-A2-A3XU-01A,161.307,15.578
BRCA,TCGA-E2-A1BD-01A,190.558,10.752
BRCA,TCGA-BH-AB28-01A,132.983,17.103
BRCA,TCGA-GM-A4E0-01A,83.331,4.197
BRCA,TCGA-BH-A0B9-01A,181.501,101.84
BRCA,TCGA-LL-A9Q3-01A,219.853,5.711
BRCA,TCGA-E2-A1L6-01A,159.765,13.754
normal,TCGA-BH-A18V-11A,112.396,1.503
normal,TCGA-BH-A1FJ-11B,126.28,1.623
normal,TCGA-E2-A1LH-11A,119.008,1.66
normal,TCGA-BH-A1EW-11B,232.059,8.714
normal,TCGA-BH-A0BQ-11A,110.292,6.335
normal,TCGA-E9-A1N6-11A,103.18,2.827
normal,TCGA-AC-A2FB-11A,101.254,2.148
normal,TCGA-BH-A0DQ-11A,119.771,3.746
normal,TCGA-BH-A0B5-11A,67.327,0.39
normal,TCGA-E9-A1R7-11A,92.649,1.058
normal,TCGA-AC-A23H-11A,131.576,2.108
normal,TCGA-BH-A1FG-11B,148.175,0.547
normal,TCGA-BH-A0DO-11A,91.507,2.521
normal,TCGA-BH-A1FD-11B,91.436,0.603
normal,TCGA-E9-A1RB-11A,103.152,5.42
normal,TCGA-E9-A1RF-11A,75.505,0.535
normal,TCGA-BH-A1FR-11B,103.37,3.175
normal,TCGA-E9-A1NG-11A,95.035,1.464
normal,TCGA-A7-A13F-11A,76.906,1.714
normal,TCGA-BH-A1EV-11A,126.518,7.829
normal,TCGA-BH-A0E0-11A,138.092,2.707
normal,TCGA-BH-A0B3-11B,138.918,2.617
normal,TCGA-E9-A1N5-11A,127.54,31.808
normal,TCGA-BH-A18K-11A,106.237,1.503
normal,TCGA-BH-A18S-11A,121.37,1.827
normal,TCGA-BH-A204-11A,79.944,1.243
normal,TCGA-BH-A0DP-11A,134.902,1.304
normal,TCGA-A7-A13E-11A,74.702,1.748
normal,TCGA-E9-A1RI-11A,86.275,0.482
normal,TCGA-BH-A0AZ-11A,138.871,1.832
normal,TCGA-E9-A1RC-11A,64.1,1.83
normal,TCGA-BH-A0BZ-11A,87.794,1.787
normal,TCGA-BH-A208-11A,95.906,1.198
normal,TCGA-BH-A0AY-11A,92.697,2.458
normal,TCGA-E9-A1ND-11A,108.451,5.045
normal,TCGA-BH-A0DD-11A,65.866,1.937
normal,TCGA-BH-A0BS-11A,105.771,1.972
normal,TCGA-GI-A2C9-11A,96.929,2.231
normal,TCGA-A7-A0D9-11A,73.451,1.084
normal,TCGA-E2-A158-11A,77.594,2.265
normal,TCGA-E9-A1RH-11A,85.699,1.408
normal,TCGA-BH-A18M-11A,89.048,3.985
normal,TCGA-BH-A0H9-11A,66.188,0.446
normal,TCGA-BH-A1EO-11A,91.638,1.07
normal,TCGA-E9-A1N9-11A,68.928,4.93
normal,TCGA-BH-A0BM-11A,114.864,3.51
normal,TCGA-BH-A1EN-11A,82.412,1.589
normal,TCGA-BH-A0B8-11A,65.222,0.835
normal,TCGA-E9-A1NA-11A,88.302,1.491
normal,TCGA-BH-A0B7-11A,107.56,4.224
normal,TCGA-A7-A13G-11A,52.853,0.383
normal,TCGA-BH-A1F2-11A,74.244,2.025
normal,TCGA-AC-A2FM-11B,106.894,0.987
normal,TCGA-BH-A1FE-11B,104.55,4.771
normal,TCGA-A7-A0DB-11A,95.694,10.344
normal,TCGA-BH-A18L-11A,86.566,1.507
normal,TCGA-BH-A1FM-11B,96.377,2.093
normal,TCGA-BH-A0DV-11A,121.689,0.981
normal,TCGA-BH-A0C3-11A,91.214,3.494
normal,TCGA-BH-A0DK-11A,123.634,4.124
normal,TCGA-BH-A0BJ-11A,135.141,4.012
normal,TCGA-AC-A2FF-11A,136.282,11.038
normal,TCGA-BH-A0BT-11A,128.372,2.19
normal,TCGA-BH-A203-11A,92.082,2.885
normal,TCGA-BH-A1FH-11B,116.556,3.625
normal,TCGA-BH-A1FN-11A,113.617,4.174
normal,TCGA-A7-A0CH-11A,96.845,2.608
normal,TCGA-A7-A0CE-11A,112.055,3.511
normal,TCGA-BH-A1F8-11B,110.826,4.432
normal,TCGA-BH-A0C0-11A,92.475,2.067
normal,TCGA-BH-A209-11A,97.616,2.464
normal,TCGA-BH-A0HA-11A,93.515,3.732
normal,TCGA-E2-A153-11A,105.774,4.827
normal,TCGA-BH-A18N-11A,99.928,1.478
normal,TCGA-BH-A18Q-11A,90.364,2.785
normal,TCGA-BH-A0BW-11A,140.856,13.622
normal,TCGA-BH-A0H5-11A,109.77,2.427
normal,TCGA-E2-A1LB-11A,95.595,6.565
normal,TCGA-BH-A0DH-11A,113.273,2.04
normal,TCGA-BH-A18U-11A,110.324,11.915
normal,TCGA-E2-A15K-11A,81.452,1.892
normal,TCGA-E2-A1BC-11A,67.911,0.373
normal,TCGA-E2-A1LS-11A,59.733,0.699
normal,TCGA-A7-A0DC-11A,101.196,3.225
normal,TCGA-E2-A1IG-11A,79.753,2.479
normal,TCGA-GI-A2C8-11A,44.861,0.666
normal,TCGA-E9-A1N4-11A,138.321,4.439
normal,TCGA-E9-A1RD-11A,89.438,1.466
normal,TCGA-BH-A0DG-11A,128.943,5.165
normal,TCGA-BH-A0HK-11A,109.983,1.622
normal,TCGA-BH-A1EU-11A,128.107,1.708
normal,TCGA-BH-A1FB-11A,107.845,1.622
normal,TCGA-E2-A15M-11A,87.067,1.334
normal,TCGA-BH-A0DT-11A,108.742,3.419
normal,TCGA-BH-A1F6-11B,93.196,1.75
normal,TCGA-E2-A15I-11A,82.57,0.613
normal,TCGA-BH-A0BC-11A,127.195,2.725
normal,TCGA-BH-A0DZ-11A,135.807,5.542
normal,TCGA-BH-A0E1-11A,109.456,1.519
normal,TCGA-BH-A18R-11A,78.577,1.538
normal,TCGA-BH-A0H7-11A,220.98,8.388
normal,TCGA-BH-A1F0-11B,124.246,0.787
normal,TCGA-BH-A18J-11A,102.553,4.146
normal,TCGA-BH-A1FU-11A,109.928,1.714
normal,TCGA-BH-A1ET-11B,105.575,1.244
normal,TCGA-BH-A0DL-11A,95.493,3.722
normal,TCGA-A7-A0DC-11A,101.196,3.225
normal,TCGA-BH-A0BV-11A,107.008,6.623
normal,TCGA-BH-A18P-11A,78.601,0.852
normal,TCGA-E2-A1L7-11A,123.771,4.657
normal,TCGA-E9-A1NF-11A,79.699,1.943
normal,TCGA-BH-A1FC-11A,97.913,1.521
normal,TCGA-BH-A0AU-11A,99.96,1.931
normal,TCGA-BH-A0BA-11A,76.804,5.466
